Date,Currency Pair,Rate
2026-01-01,EUR/USD,1.0735
2026-01-02,EUR/USD,1.0744
2026-01-03,EUR/USD,1.0730
2026-01-04,EUR/USD,1.0736
2026-01-05,EUR/USD,1.0752
2026-01-06,EUR/USD,1.0732
2026-01-07,EUR/USD,1.0738
2026-01-08,EUR/USD,1.0755
2026-01-09,EUR/USD,1.0747
2026-01-10,EUR/USD,1.0738
2026-01-11,EUR/USD,1.0746
2026-01-12,EUR/USD,1.0742
2026-01-13,EUR/USD,1.0760
2026-01-14,EUR/USD,1.0760
2026-01-15,EUR/USD,1.0749
2026-01-16,EUR/USD,1.0766
2026-01-17,EUR/USD,1.0756
2026-01-18,EUR/USD,1.0766
2026-01-19,EUR/USD,1.0762
2026-01-20,EUR/USD,1.0770
2026-01-21,EUR/USD,1.0756
2026-01-22,EUR/USD,1.0771
2026-01-23,EUR/USD,1.0765
2026-01-24,EUR/USD,1.0779
2026-01-25,EUR/USD,1.0773
2026-01-26,EUR/USD,1.0781
2026-01-27,EUR/USD,1.0766
2026-01-28,EUR/USD,1.0772
2026-01-29,EUR/USD,1.0776
2026-01-30,EUR/USD,1.0773
2026-01-31,EUR/USD,1.0773
2026-02-01,EUR/USD,1.0778
2026-02-02,EUR/USD,1.0795
2026-02-03,EUR/USD,1.0784
2026-02-04,EUR/USD,1.0791
2026-02-05,EUR/USD,1.0797
2026-02-06,EUR/USD,1.0800
2026-02-07,EUR/USD,1.0786
2026-02-08,EUR/USD,1.0789
2026-02-09,EUR/USD,1.0791
2026-02-10,EUR/USD,1.0793
2026-02-11,EUR/USD,1.0802
2026-02-12,EUR/USD,1.0802
2026-02-13,EUR/USD,1.0800
2026-02-14,EUR/USD,1.0810
2026-02-15,EUR/USD,1.0798
2026-02-16,EUR/USD,1.0817
2026-02-17,EUR/USD,1.0819
2026-02-18,EUR/USD,1.0813
2026-02-19,EUR/USD,1.0826
2026-02-20,EUR/USD,1.0827
2026-02-21,EUR/USD,1.0827
2026-02-22,EUR/USD,1.0823
2026-02-23,EUR/USD,1.0824
2026-02-24,EUR/USD,1.0822
2026-02-25,EUR/USD,1.0819
2026-02-26,EUR/USD,1.0823
2026-02-27,EUR/USD,1.0822
2026-02-28,EUR/USD,1.0827
2026-03-01,EUR/USD,1.0835
2026-03-02,EUR/USD,1.0832
2026-03-03,EUR/USD,1.0840
2026-03-04,EUR/USD,1.0828
2026-03-05,EUR/USD,1.0842
2026-03-06,EUR/USD,1.0842
2026-03-07,EUR/USD,1.0840
2026-03-08,EUR/USD,1.0845
2026-03-09,EUR/USD,1.0851
2026-03-10,EUR/USD,1.0848
2026-03-11,EUR/USD,1.0848
2026-03-12,EUR/USD,1.0850
2026-03-13,EUR/USD,1.0839
2026-03-14,EUR/USD,1.0848
2026-03-15,EUR/USD,1.0846
2026-03-16,EUR/USD,1.0830
2026-03-17,EUR/USD,1.0832
2026-03-18,EUR/USD,1.0838
2026-03-19,EUR/USD,1.0842
2026-03-20,EUR/USD,1.0842
2026-03-21,EUR/USD,1.0831
2026-03-22,EUR/USD,1.0821
2026-03-23,EUR/USD,1.0828
2026-03-24,EUR/USD,1.0834
2026-03-25,EUR/USD,1.0824
2026-03-26,EUR/USD,1.0814
2026-03-27,EUR/USD,1.0807
2026-03-28,EUR/USD,1.0810
2026-03-29,EUR/USD,1.0815
2026-03-30,EUR/USD,1.0801
2026-03-31,EUR/USD,1.0808
2026-04-01,EUR/USD,1.0812
2026-04-02,EUR/USD,1.0800
2026-04-03,EUR/USD,1.0796
2026-04-04,EUR/USD,1.0806
2026-04-05,EUR/USD,1.0799
2026-04-06,EUR/USD,1.0790
2026-04-07,EUR/USD,1.0790
2026-04-08,EUR/USD,1.0784
2026-04-09,EUR/USD,1.0790
2026-04-10,EUR/USD,1.0807
2026-04-11,EUR/USD,1.0802
2026-04-12,EUR/USD,1.0827
2026-04-13,EUR/USD,1.0816
2026-04-14,EUR/USD,1.0829
2026-04-15,EUR/USD,1.0855
2026-04-16,EUR/USD,1.0867
2026-04-17,EUR/USD,1.0868
2026-04-18,EUR/USD,1.0885
2026-04-19,EUR/USD,1.0882
2026-04-20,EUR/USD,1.0885
2026-04-21,EUR/USD,1.0906
2026-04-22,EUR/USD,1.0913
2026-04-23,EUR/USD,1.0912
2026-04-24,EUR/USD,1.0934
2026-04-25,EUR/USD,1.0951
2026-04-26,EUR/USD,1.0956
2026-04-27,EUR/USD,1.0957
2026-04-28,EUR/USD,1.0968
2026-04-29,EUR/USD,1.0973
2026-04-30,EUR/USD,1.0995
2026-05-01,EUR/USD,1.0990
2026-05-02,EUR/USD,1.1002
2026-05-03,EUR/USD,1.1008
2026-05-04,EUR/USD,1.1015
2026-05-05,EUR/USD,1.1029
2026-05-06,EUR/USD,1.1035
2026-05-07,EUR/USD,1.1059
2026-05-08,EUR/USD,1.1066
2026-05-09,EUR/USD,1.1068
2026-05-10,EUR/USD,1.1090
2026-05-11,EUR/USD,1.1096
2026-05-12,EUR/USD,1.1098
2026-05-13,EUR/USD,1.1120
2026-05-14,EUR/USD,1.1120
2026-05-15,EUR/USD,1.1116
2026-05-16,EUR/USD,1.1118
2026-05-17,EUR/USD,1.1109
2026-05-18,EUR/USD,1.1124
2026-05-19,EUR/USD,1.1109
2026-05-20,EUR/USD,1.1115
2026-05-21,EUR/USD,1.1127
2026-05-22,EUR/USD,1.1114
2026-05-23,EUR/USD,1.1125
2026-05-24,EUR/USD,1.1114
2026-05-25,EUR/USD,1.1123
2026-05-26,EUR/USD,1.1124
2026-05-27,EUR/USD,1.1120
2026-05-28,EUR/USD,1.1116
2026-05-29,EUR/USD,1.1118
2026-05-30,EUR/USD,1.1120
2026-05-31,EUR/USD,1.1124
2026-06-01,EUR/USD,1.1124
2026-06-02,EUR/USD,1.1129
2026-06-03,EUR/USD,1.1112
2026-06-04,EUR/USD,1.1122
2026-06-05,EUR/USD,1.1110
2026-06-06,EUR/USD,1.1131
2026-06-07,EUR/USD,1.1130
2026-06-08,EUR/USD,1.1124
2026-06-09,EUR/USD,1.1112
2026-06-10,EUR/USD,1.1120
2026-06-11,EUR/USD,1.1125
2026-06-12,EUR/USD,1.1119
2026-06-13,EUR/USD,1.1105
2026-06-14,EUR/USD,1.1112
2026-06-15,EUR/USD,1.1102
2026-06-16,EUR/USD,1.1105
2026-06-17,EUR/USD,1.1108
2026-06-18,EUR/USD,1.1103
2026-06-19,EUR/USD,1.1098
2026-06-20,EUR/USD,1.1107
2026-06-21,EUR/USD,1.1093
2026-06-22,EUR/USD,1.1098
2026-06-23,EUR/USD,1.1085
2026-06-24,EUR/USD,1.1083
2026-06-25,EUR/USD,1.1091
2026-06-26,EUR/USD,1.1075
2026-06-27,EUR/USD,1.1089
2026-06-28,EUR/USD,1.1071
2026-06-29,EUR/USD,1.1085
2026-06-30,EUR/USD,1.1083
2026-07-01,EUR/USD,1.1081
2026-07-02,EUR/USD,1.1061
2026-07-03,EUR/USD,1.1071
2026-07-04,EUR/USD,1.1060
2026-07-05,EUR/USD,1.1057
2026-07-06,EUR/USD,1.1057
2026-07-07,EUR/USD,1.1064
2026-07-08,EUR/USD,1.1059
2026-07-09,EUR/USD,1.1063
2026-07-10,EUR/USD,1.1049
2026-07-11,EUR/USD,1.1058
2026-07-12,EUR/USD,1.1056
2026-07-13,EUR/USD,1.1060
2026-07-14,EUR/USD,1.1058
2026-07-15,EUR/USD,1.1045
