Account,Description,Period Ending,Debit,Credit
1000,Petty Cash,12/31/2025,400.00,
1010,Operating Account - First Cascade 4471,12/31/2025,"471,385.08",
1015,Payroll Account - First Cascade 4488,12/31/2025,"5,000.00",
1020,Money Market - First Cascade 4490,12/31/2025,"250,000.00",
1030,Savings - Umpqua (closed),12/31/2025,0.00,
1100,Undeposited Funds,12/31/2025,0.00,
1110,Returned Checks,12/31/2025,0.00,
1200,Accounts Receivable,12/31/2025,"1,772,345.16",
1205,Allowance for Doubtful Accounts,12/31/2025,,"35,000.00"
1215,Employee Advances,12/31/2025,0.00,
1250,Other Receivables,12/31/2025,"3,150.00",
1260,Notes Receivable,12/31/2025,0.00,
1300,Inventory - Finished Goods,12/31/2025,"1,418,250.00",
1310,Inventory in Transit,12/31/2025,0.00,
1320,Inventory - Samples,12/31/2025,0.00,
1400,Prepaid Insurance,12/31/2025,"39,300.00",
1410,Prepaid Expenses - Other,12/31/2025,"18,400.00",
1420,Security Deposits,12/31/2025,"42,500.00",
1500,Warehouse Equipment,12/31/2025,"1,182,400.00",
1510,Vehicles,12/31/2025,"486,300.00",
1520,Leasehold Improvements,12/31/2025,"211,750.00",
1530,Office Furniture & Equipment,12/31/2025,"38,620.00",
1540,Computer Equipment,12/31/2025,"52,980.00",
1590,Accumulated Depreciation,12/31/2025,,"412,640.00"
1600,Utility Deposits,12/31/2025,"6,200.00",
1700,Customer Lists,12/31/2025,"60,000.00",
1790,Accumulated Amortization,12/31/2025,,"36,000.00"
2000,Accounts Payable,12/31/2025,,"735,473.01"
2050,Cascade Visa Business,12/31/2025,0.00,
2060,Amex Corporate (closed),12/31/2025,0.00,
2100,Accrued Liabilities,12/31/2025,,"10,860.00"
2150,Payroll Liabilities,12/31/2025,0.00,
2160,Accrued Commissions,12/31/2025,,"16,920.00"
2170,Accrued Vacation,12/31/2025,,"48,620.00"
2200,Sales Tax Payable,12/31/2025,0.00,
2210,Use Tax Payable,12/31/2025,0.00,
2220,Oregon CAT Payable,12/31/2025,,"7,840.00"
2300,Customer Deposits,12/31/2025,0.00,
2400,Deferred Revenue,12/31/2025,0.00,
2500,Line of Credit - First Cascade,12/31/2025,,"900,000.00"
2700,Equipment Loan - First Cascade,12/31/2025,,"268,400.00"
2710,Vehicle Loans,12/31/2025,,"94,200.00"
2800,Due to Shareholder,12/31/2025,0.00,
3000,Common Stock,12/31/2025,,"50,000.00"
3100,Additional Paid-In Capital,12/31/2025,,"150,000.00"
3900,Retained Earnings,12/31/2025,,"3,293,027.23"
3950,Shareholder Distributions,12/31/2025,0.00,
4000,Sales - Wholesale Grocery,12/31/2025,0.00,
4010,Sales - Foodservice,12/31/2025,0.00,
4100,Sales - Export,12/31/2025,0.00,
4200,Freight Income,12/31/2025,0.00,
4300,Rebate Income,12/31/2025,0.00,
4400,Miscellaneous Income,12/31/2025,0.00,
4900,Sales Discounts,12/31/2025,0.00,
4950,Returns & Allowances,12/31/2025,0.00,
5000,Cost of Goods Sold,12/31/2025,0.00,
5010,Inventory Adjustments,12/31/2025,0.00,
5020,Purchase Price Variance,12/31/2025,0.00,
5030,Samples & Demos,12/31/2025,0.00,
5100,Inbound Freight - COGS,12/31/2025,0.00,
5150,Packaging Materials,12/31/2025,0.00,
5200,Spoilage & Shrink,12/31/2025,0.00,
5300,Co-Packing Fees,12/31/2025,0.00,
6000,Advertising & Marketing,12/31/2025,0.00,
6010,Trade Shows,12/31/2025,0.00,
6020,Website,12/31/2025,0.00,
6030,Meals & Entertainment,12/31/2025,0.00,
6040,Travel,12/31/2025,0.00,
6050,Donations,12/31/2025,0.00,
6060,Licenses & Permits,12/31/2025,0.00,
6070,Property Taxes,12/31/2025,0.00,
6080,Business Taxes,12/31/2025,0.00,
6090,Recruiting,12/31/2025,0.00,
6100,Wages - Warehouse,12/31/2025,0.00,
6105,Wages - Drivers,12/31/2025,0.00,
6110,Wages - Office,12/31/2025,0.00,
6120,Payroll Taxes,12/31/2025,0.00,
6130,Employee Benefits,12/31/2025,0.00,
6140,Workers Compensation,12/31/2025,0.00,
6150,Sales Commissions,12/31/2025,0.00,
6160,Temporary Labor,12/31/2025,0.00,
6170,Training,12/31/2025,0.00,
6180,Employee Relations,12/31/2025,0.00,
6190,Payroll Processing Fees,12/31/2025,0.00,
6200,Utilities - Electric,12/31/2025,0.00,
6210,Utilities - Water & Sewer,12/31/2025,0.00,
6220,Telephone & Internet,12/31/2025,0.00,
6230,Utilities - Gas,12/31/2025,0.00,
6240,Waste Removal,12/31/2025,0.00,
6300,Rent - Portland Warehouse,12/31/2025,0.00,
6310,Rent - Seattle Warehouse,12/31/2025,0.00,
6320,Rent - Boise Warehouse,12/31/2025,0.00,
6330,Third-Party Storage,12/31/2025,0.00,
6400,Freight-In,12/31/2025,0.00,
6410,Freight Rebates,12/31/2025,0.00,
6420,Delivery Fuel,12/31/2025,0.00,
6430,Vehicle Repairs & Maintenance,12/31/2025,0.00,
6440,Tolls & Parking,12/31/2025,0.00,
6450,Vehicle Registration,12/31/2025,0.00,
6460,Vehicle Leases,12/31/2025,0.00,
6500,Insurance - General,12/31/2025,0.00,
6510,Insurance - Vehicles,12/31/2025,0.00,
6520,Insurance - Product Liability,12/31/2025,0.00,
6600,Repairs - Refrigeration & Equipment,12/31/2025,0.00,
6610,Forklift Lease,12/31/2025,0.00,
6620,Building Repairs,12/31/2025,0.00,
6630,Small Tools & Equipment,12/31/2025,0.00,
6700,Depreciation Expense,12/31/2025,0.00,
6710,Amortization Expense,12/31/2025,0.00,
6800,Bad Debt Expense,12/31/2025,0.00,
6810,Collection Fees,12/31/2025,0.00,
6900,Office Supplies,12/31/2025,0.00,
6910,Postage & Delivery,12/31/2025,0.00,
6920,Bank Service Charges,12/31/2025,0.00,
6925,Merchant Fees,12/31/2025,0.00,
6930,Dues & Subscriptions,12/31/2025,0.00,
6935,Software Subscriptions,12/31/2025,0.00,
6940,Accounting Fees,12/31/2025,0.00,
6945,Consulting Fees,12/31/2025,0.00,
6950,Legal Fees,12/31/2025,0.00,
6960,IT Services,12/31/2025,0.00,
6970,Janitorial,12/31/2025,0.00,
6980,Pest Control,12/31/2025,0.00,
6990,Uniforms & Laundry,12/31/2025,0.00,
6995,Miscellaneous Expense (old),12/31/2025,0.00,
6999,Suspense – Clearing,12/31/2025,0.00,
7100,Foreign Exchange Gain/Loss,12/31/2025,0.00,
7200,Interest Expense,12/31/2025,0.00,
7300,Interest Income,12/31/2025,0.00,
7400,Gain/Loss on Asset Disposal,12/31/2025,0.00,
7900,Other Expense,12/31/2025,0.00,
8000,Owner Draw (old),12/31/2025,0.00,
1000,Petty Cash,01/31/2026,400.00,
1010,Operating Account - First Cascade 4471,01/31/2026,"819,050.69",
1015,Payroll Account - First Cascade 4488,01/31/2026,"5,000.00",
1020,Money Market - First Cascade 4490,01/31/2026,"250,000.00",
1030,Savings - Umpqua (closed),01/31/2026,0.00,
1100,Undeposited Funds,01/31/2026,0.00,
1110,Returned Checks,01/31/2026,0.00,
1200,Accounts Receivable,01/31/2026,"1,744,002.81",
1205,Allowance for Doubtful Accounts,01/31/2026,,"35,000.00"
1215,Employee Advances,01/31/2026,0.00,
1250,Other Receivables,01/31/2026,"3,150.00",
1260,Notes Receivable,01/31/2026,0.00,
1300,Inventory - Finished Goods,01/31/2026,"1,632,349.01",
1310,Inventory in Transit,01/31/2026,0.00,
1320,Inventory - Samples,01/31/2026,0.00,
1400,Prepaid Insurance,01/31/2026,"36,025.00",
1410,Prepaid Expenses - Other,01/31/2026,"18,400.00",
1420,Security Deposits,01/31/2026,"42,500.00",
1500,Warehouse Equipment,01/31/2026,"1,182,400.00",
1510,Vehicles,01/31/2026,"486,300.00",
1520,Leasehold Improvements,01/31/2026,"211,750.00",
1530,Office Furniture & Equipment,01/31/2026,"38,620.00",
1540,Computer Equipment,01/31/2026,"52,980.00",
1590,Accumulated Depreciation,01/31/2026,,"424,490.00"
1600,Utility Deposits,01/31/2026,"6,200.00",
1700,Customer Lists,01/31/2026,"60,000.00",
1790,Accumulated Amortization,01/31/2026,,"36,500.00"
2000,Accounts Payable,01/31/2026,,"1,194,663.30"
2050,Cascade Visa Business,01/31/2026,0.00,
2060,Amex Corporate (closed),01/31/2026,0.00,
2100,Accrued Liabilities,01/31/2026,,"17,125.10"
2150,Payroll Liabilities,01/31/2026,0.00,
2160,Accrued Commissions,01/31/2026,,"16,500.48"
2170,Accrued Vacation,01/31/2026,,"48,620.00"
2200,Sales Tax Payable,01/31/2026,0.00,
2210,Use Tax Payable,01/31/2026,0.00,
2220,Oregon CAT Payable,01/31/2026,,"7,840.00"
2300,Customer Deposits,01/31/2026,0.00,
2400,Deferred Revenue,01/31/2026,0.00,
2500,Line of Credit - First Cascade,01/31/2026,,"955,000.00"
2700,Equipment Loan - First Cascade,01/31/2026,,"263,550.00"
2710,Vehicle Loans,01/31/2026,,"94,200.00"
2800,Due to Shareholder,01/31/2026,0.00,
3000,Common Stock,01/31/2026,,"50,000.00"
3100,Additional Paid-In Capital,01/31/2026,,"150,000.00"
3900,Retained Earnings,01/31/2026,,"3,293,027.23"
3950,Shareholder Distributions,01/31/2026,0.00,
4000,Sales - Wholesale Grocery,01/31/2026,,"1,649,544.47"
4010,Sales - Foodservice,01/31/2026,,"167,708.77"
4100,Sales - Export,01/31/2026,,"27,217.86"
4200,Freight Income,01/31/2026,0.00,
4300,Rebate Income,01/31/2026,0.00,
4400,Miscellaneous Income,01/31/2026,0.00,
4900,Sales Discounts,01/31/2026,0.00,
4950,Returns & Allowances,01/31/2026,0.00,
5000,Cost of Goods Sold,01/31/2026,"1,342,036.88",
5010,Inventory Adjustments,01/31/2026,0.00,
5020,Purchase Price Variance,01/31/2026,0.00,
5030,Samples & Demos,01/31/2026,0.00,
5100,Inbound Freight - COGS,01/31/2026,0.00,
5150,Packaging Materials,01/31/2026,"25,733.58",
5200,Spoilage & Shrink,01/31/2026,0.00,
5300,Co-Packing Fees,01/31/2026,0.00,
6000,Advertising & Marketing,01/31/2026,567.58,
6010,Trade Shows,01/31/2026,0.00,
6020,Website,01/31/2026,0.00,
6030,Meals & Entertainment,01/31/2026,0.00,
6040,Travel,01/31/2026,0.00,
6050,Donations,01/31/2026,0.00,
6060,Licenses & Permits,01/31/2026,0.00,
6070,Property Taxes,01/31/2026,0.00,
6080,Business Taxes,01/31/2026,0.00,
6090,Recruiting,01/31/2026,0.00,
6100,Wages - Warehouse,01/31/2026,"124,286.41",
6105,Wages - Drivers,01/31/2026,"76,685.72",
6110,Wages - Office,01/31/2026,"68,748.83",
6120,Payroll Taxes,01/31/2026,"21,928.02",
6130,Employee Benefits,01/31/2026,0.00,
6140,Workers Compensation,01/31/2026,0.00,
6150,Sales Commissions,01/31/2026,"16,500.48",
6160,Temporary Labor,01/31/2026,"2,226.48",
6170,Training,01/31/2026,0.00,
6180,Employee Relations,01/31/2026,0.00,
6190,Payroll Processing Fees,01/31/2026,355.83,
6200,Utilities - Electric,01/31/2026,"1,263.51",
6210,Utilities - Water & Sewer,01/31/2026,438.03,
6220,Telephone & Internet,01/31/2026,"1,299.56",
6230,Utilities - Gas,01/31/2026,0.00,
6240,Waste Removal,01/31/2026,757.10,
6300,Rent - Portland Warehouse,01/31/2026,"8,500.00",
6310,Rent - Seattle Warehouse,01/31/2026,"6,420.00",
6320,Rent - Boise Warehouse,01/31/2026,"4,875.00",
6330,Third-Party Storage,01/31/2026,"3,808.52",
6400,Freight-In,01/31/2026,"67,607.57",
6410,Freight Rebates,01/31/2026,0.00,
6420,Delivery Fuel,01/31/2026,"13,247.21",
6430,Vehicle Repairs & Maintenance,01/31/2026,"1,336.83",
6440,Tolls & Parking,01/31/2026,0.00,
6450,Vehicle Registration,01/31/2026,0.00,
6460,Vehicle Leases,01/31/2026,0.00,
6500,Insurance - General,01/31/2026,"3,275.00",
6510,Insurance - Vehicles,01/31/2026,0.00,
6520,Insurance - Product Liability,01/31/2026,0.00,
6600,Repairs - Refrigeration & Equipment,01/31/2026,"1,578.95",
6610,Forklift Lease,01/31/2026,"2,208.62",
6620,Building Repairs,01/31/2026,"1,787.39",
6630,Small Tools & Equipment,01/31/2026,0.00,
6700,Depreciation Expense,01/31/2026,"11,850.00",
6710,Amortization Expense,01/31/2026,500.00,
6800,Bad Debt Expense,01/31/2026,0.00,
6810,Collection Fees,01/31/2026,0.00,
6900,Office Supplies,01/31/2026,807.97,
6910,Postage & Delivery,01/31/2026,0.00,
6920,Bank Service Charges,01/31/2026,0.00,
6925,Merchant Fees,01/31/2026,0.00,
6930,Dues & Subscriptions,01/31/2026,0.00,
6935,Software Subscriptions,01/31/2026,615.10,
6940,Accounting Fees,01/31/2026,"11,433.66",
6945,Consulting Fees,01/31/2026,0.00,
6950,Legal Fees,01/31/2026,"3,784.14",
6960,IT Services,01/31/2026,"2,092.17",
6970,Janitorial,01/31/2026,"2,365.04",
6980,Pest Control,01/31/2026,261.75,
6990,Uniforms & Laundry,01/31/2026,"1,180.22",
6995,Miscellaneous Expense (old),01/31/2026,0.00,
6999,Suspense – Clearing,01/31/2026,"2,845.35",
7100,Foreign Exchange Gain/Loss,01/31/2026,0.00,
7200,Interest Expense,01/31/2026,"6,651.20",
7300,Interest Income,01/31/2026,0.00,
7400,Gain/Loss on Asset Disposal,01/31/2026,0.00,
7900,Other Expense,01/31/2026,0.00,
8000,Owner Draw (old),01/31/2026,0.00,
1000,Petty Cash,02/28/2026,400.00,
1010,Operating Account - First Cascade 4471,02/28/2026,"480,453.95",
1015,Payroll Account - First Cascade 4488,02/28/2026,"5,000.00",
1020,Money Market - First Cascade 4490,02/28/2026,"250,000.00",
1030,Savings - Umpqua (closed),02/28/2026,0.00,
1100,Undeposited Funds,02/28/2026,0.00,
1110,Returned Checks,02/28/2026,0.00,
1200,Accounts Receivable,02/28/2026,"1,922,488.90",
1205,Allowance for Doubtful Accounts,02/28/2026,,"35,000.00"
1215,Employee Advances,02/28/2026,0.00,
1250,Other Receivables,02/28/2026,"3,150.00",
1260,Notes Receivable,02/28/2026,0.00,
1300,Inventory - Finished Goods,02/28/2026,"1,790,618.52",
1310,Inventory in Transit,02/28/2026,0.00,
1320,Inventory - Samples,02/28/2026,0.00,
1400,Prepaid Insurance,02/28/2026,"32,750.00",
1410,Prepaid Expenses - Other,02/28/2026,"18,400.00",
1420,Security Deposits,02/28/2026,"42,500.00",
1500,Warehouse Equipment,02/28/2026,"1,182,400.00",
1510,Vehicles,02/28/2026,"486,300.00",
1520,Leasehold Improvements,02/28/2026,"211,750.00",
1530,Office Furniture & Equipment,02/28/2026,"38,620.00",
1540,Computer Equipment,02/28/2026,"52,980.00",
1590,Accumulated Depreciation,02/28/2026,,"436,340.00"
1600,Utility Deposits,02/28/2026,"6,200.00",
1700,Customer Lists,02/28/2026,"60,000.00",
1790,Accumulated Amortization,02/28/2026,,"37,000.00"
2000,Accounts Payable,02/28/2026,,"1,206,711.77"
2050,Cascade Visa Business,02/28/2026,0.00,
2060,Amex Corporate (closed),02/28/2026,0.00,
2100,Accrued Liabilities,02/28/2026,,"16,923.17"
2150,Payroll Liabilities,02/28/2026,0.00,
2160,Accrued Commissions,02/28/2026,,"15,823.69"
2170,Accrued Vacation,02/28/2026,,"48,620.00"
2200,Sales Tax Payable,02/28/2026,0.00,
2210,Use Tax Payable,02/28/2026,0.00,
2220,Oregon CAT Payable,02/28/2026,,"7,840.00"
2300,Customer Deposits,02/28/2026,0.00,
2400,Deferred Revenue,02/28/2026,0.00,
2500,Line of Credit - First Cascade,02/28/2026,,"1,010,000.00"
2700,Equipment Loan - First Cascade,02/28/2026,,"258,700.00"
2710,Vehicle Loans,02/28/2026,,"94,200.00"
2800,Due to Shareholder,02/28/2026,0.00,
3000,Common Stock,02/28/2026,,"50,000.00"
3100,Additional Paid-In Capital,02/28/2026,,"150,000.00"
3900,Retained Earnings,02/28/2026,,"3,293,027.23"
3950,Shareholder Distributions,02/28/2026,0.00,
4000,Sales - Wholesale Grocery,02/28/2026,,"3,107,819.42"
4010,Sales - Foodservice,02/28/2026,,"287,378.68"
4100,Sales - Export,02/28/2026,,"46,644.81"
4200,Freight Income,02/28/2026,0.00,
4300,Rebate Income,02/28/2026,0.00,
4400,Miscellaneous Income,02/28/2026,0.00,
4900,Sales Discounts,02/28/2026,0.00,
4950,Returns & Allowances,02/28/2026,0.00,
5000,Cost of Goods Sold,02/28/2026,"2,497,126.04",
5010,Inventory Adjustments,02/28/2026,0.00,
5020,Purchase Price Variance,02/28/2026,0.00,
5030,Samples & Demos,02/28/2026,0.00,
5100,Inbound Freight - COGS,02/28/2026,0.00,
5150,Packaging Materials,02/28/2026,"94,949.42",
5200,Spoilage & Shrink,02/28/2026,0.00,
5300,Co-Packing Fees,02/28/2026,0.00,
6000,Advertising & Marketing,02/28/2026,567.58,
6010,Trade Shows,02/28/2026,"2,584.62",
6020,Website,02/28/2026,0.00,
6030,Meals & Entertainment,02/28/2026,0.00,
6040,Travel,02/28/2026,0.00,
6050,Donations,02/28/2026,0.00,
6060,Licenses & Permits,02/28/2026,920.40,
6070,Property Taxes,02/28/2026,0.00,
6080,Business Taxes,02/28/2026,0.00,
6090,Recruiting,02/28/2026,0.00,
6100,Wages - Warehouse,02/28/2026,"246,329.09",
6105,Wages - Drivers,02/28/2026,"151,345.38",
6110,Wages - Office,02/28/2026,"135,983.15",
6120,Payroll Taxes,02/28/2026,"43,381.45",
6130,Employee Benefits,02/28/2026,0.00,
6140,Workers Compensation,02/28/2026,0.00,
6150,Sales Commissions,02/28/2026,"32,324.17",
6160,Temporary Labor,02/28/2026,"12,001.29",
6170,Training,02/28/2026,0.00,
6180,Employee Relations,02/28/2026,0.00,
6190,Payroll Processing Fees,02/28/2026,714.75,
6200,Utilities - Electric,02/28/2026,"2,499.58",
6210,Utilities - Water & Sewer,02/28/2026,"1,030.15",
6220,Telephone & Internet,02/28/2026,"2,566.25",
6230,Utilities - Gas,02/28/2026,0.00,
6240,Waste Removal,02/28/2026,"1,364.86",
6300,Rent - Portland Warehouse,02/28/2026,"17,000.00",
6310,Rent - Seattle Warehouse,02/28/2026,"12,840.00",
6320,Rent - Boise Warehouse,02/28/2026,"9,750.00",
6330,Third-Party Storage,02/28/2026,"6,181.34",
6400,Freight-In,02/28/2026,"132,436.02",
6410,Freight Rebates,02/28/2026,0.00,
6420,Delivery Fuel,02/28/2026,"24,332.88",
6430,Vehicle Repairs & Maintenance,02/28/2026,"2,526.84",
6440,Tolls & Parking,02/28/2026,0.00,
6450,Vehicle Registration,02/28/2026,0.00,
6460,Vehicle Leases,02/28/2026,0.00,
6500,Insurance - General,02/28/2026,"6,550.00",
6510,Insurance - Vehicles,02/28/2026,0.00,
6520,Insurance - Product Liability,02/28/2026,0.00,
6600,Repairs - Refrigeration & Equipment,02/28/2026,"5,645.77",
6610,Forklift Lease,02/28/2026,"4,395.23",
6620,Building Repairs,02/28/2026,"1,787.39",
6630,Small Tools & Equipment,02/28/2026,0.00,
6700,Depreciation Expense,02/28/2026,"23,700.00",
6710,Amortization Expense,02/28/2026,"1,000.00",
6800,Bad Debt Expense,02/28/2026,0.00,
6810,Collection Fees,02/28/2026,0.00,
6900,Office Supplies,02/28/2026,"1,449.72",
6910,Postage & Delivery,02/28/2026,0.00,
6920,Bank Service Charges,02/28/2026,0.00,
6925,Merchant Fees,02/28/2026,0.00,
6930,Dues & Subscriptions,02/28/2026,0.00,
6935,Software Subscriptions,02/28/2026,"1,159.40",
6940,Accounting Fees,02/28/2026,"11,433.66",
6945,Consulting Fees,02/28/2026,0.00,
6950,Legal Fees,02/28/2026,"3,784.14",
6960,IT Services,02/28/2026,"4,310.89",
6970,Janitorial,02/28/2026,"4,007.08",
6980,Pest Control,02/28/2026,261.75,
6990,Uniforms & Laundry,02/28/2026,"1,869.37",
6995,Miscellaneous Expense (old),02/28/2026,0.00,
6999,Suspense – Clearing,02/28/2026,"2,315.77",
7100,Foreign Exchange Gain/Loss,02/28/2026,0.00,
7200,Interest Expense,02/28/2026,"13,591.97",
7300,Interest Income,02/28/2026,0.00,
7400,Gain/Loss on Asset Disposal,02/28/2026,0.00,
7900,Other Expense,02/28/2026,0.00,
8000,Owner Draw (old),02/28/2026,0.00,
1000,Petty Cash,03/31/2026,400.00,
1010,Operating Account - First Cascade 4471,03/31/2026,"670,953.77",
1015,Payroll Account - First Cascade 4488,03/31/2026,"5,000.00",
1020,Money Market - First Cascade 4490,03/31/2026,"250,000.00",
1030,Savings - Umpqua (closed),03/31/2026,0.00,
1100,Undeposited Funds,03/31/2026,0.00,
1110,Returned Checks,03/31/2026,0.00,
1200,Accounts Receivable,03/31/2026,"1,973,787.44",
1205,Allowance for Doubtful Accounts,03/31/2026,,"36,700.00"
1215,Employee Advances,03/31/2026,0.00,
1250,Other Receivables,03/31/2026,"3,150.00",
1260,Notes Receivable,03/31/2026,0.00,
1300,Inventory - Finished Goods,03/31/2026,"1,871,257.05",
1310,Inventory in Transit,03/31/2026,0.00,
1320,Inventory - Samples,03/31/2026,0.00,
1400,Prepaid Insurance,03/31/2026,"29,475.00",
1410,Prepaid Expenses - Other,03/31/2026,"18,400.00",
1420,Security Deposits,03/31/2026,"42,500.00",
1500,Warehouse Equipment,03/31/2026,"1,182,400.00",
1510,Vehicles,03/31/2026,"486,300.00",
1520,Leasehold Improvements,03/31/2026,"211,750.00",
1530,Office Furniture & Equipment,03/31/2026,"38,620.00",
1540,Computer Equipment,03/31/2026,"52,980.00",
1590,Accumulated Depreciation,03/31/2026,,"448,190.00"
1600,Utility Deposits,03/31/2026,"6,200.00",
1700,Customer Lists,03/31/2026,"60,000.00",
1790,Accumulated Amortization,03/31/2026,,"37,500.00"
2000,Accounts Payable,03/31/2026,,"1,451,752.60"
2050,Cascade Visa Business,03/31/2026,0.00,
2060,Amex Corporate (closed),03/31/2026,0.00,
2100,Accrued Liabilities,03/31/2026,,"17,670.33"
2150,Payroll Liabilities,03/31/2026,0.00,
2160,Accrued Commissions,03/31/2026,,"16,170.73"
2170,Accrued Vacation,03/31/2026,,"48,620.00"
2200,Sales Tax Payable,03/31/2026,0.00,
2210,Use Tax Payable,03/31/2026,0.00,
2220,Oregon CAT Payable,03/31/2026,,"7,840.00"
2300,Customer Deposits,03/31/2026,0.00,
2400,Deferred Revenue,03/31/2026,0.00,
2500,Line of Credit - First Cascade,03/31/2026,,"1,065,000.00"
2700,Equipment Loan - First Cascade,03/31/2026,,"253,850.00"
2710,Vehicle Loans,03/31/2026,,"94,200.00"
2800,Due to Shareholder,03/31/2026,0.00,
3000,Common Stock,03/31/2026,,"50,000.00"
3100,Additional Paid-In Capital,03/31/2026,,"150,000.00"
3900,Retained Earnings,03/31/2026,,"3,293,027.23"
3950,Shareholder Distributions,03/31/2026,0.00,
4000,Sales - Wholesale Grocery,03/31/2026,,"4,842,217.40"
4010,Sales - Foodservice,03/31/2026,,"480,487.14"
4100,Sales - Export,03/31/2026,,"78,182.12"
4200,Freight Income,03/31/2026,0.00,
4300,Rebate Income,03/31/2026,0.00,
4400,Miscellaneous Income,03/31/2026,0.00,
4900,Sales Discounts,03/31/2026,0.00,
4950,Returns & Allowances,03/31/2026,0.00,
5000,Cost of Goods Sold,03/31/2026,"3,937,775.17",
5010,Inventory Adjustments,03/31/2026,0.00,
5020,Purchase Price Variance,03/31/2026,0.00,
5030,Samples & Demos,03/31/2026,0.00,
5100,Inbound Freight - COGS,03/31/2026,0.00,
5150,Packaging Materials,03/31/2026,"117,680.95",
5200,Spoilage & Shrink,03/31/2026,0.00,
5300,Co-Packing Fees,03/31/2026,0.00,
6000,Advertising & Marketing,03/31/2026,567.58,
6010,Trade Shows,03/31/2026,"2,584.62",
6020,Website,03/31/2026,0.00,
6030,Meals & Entertainment,03/31/2026,0.00,
6040,Travel,03/31/2026,0.00,
6050,Donations,03/31/2026,0.00,
6060,Licenses & Permits,03/31/2026,"1,727.01",
6070,Property Taxes,03/31/2026,0.00,
6080,Business Taxes,03/31/2026,0.00,
6090,Recruiting,03/31/2026,0.00,
6100,Wages - Warehouse,03/31/2026,"369,494.27",
6105,Wages - Drivers,03/31/2026,"229,121.84",
6110,Wages - Office,03/31/2026,"205,079.33",
6120,Payroll Taxes,03/31/2026,"65,249.84",
6130,Employee Benefits,03/31/2026,0.00,
6140,Workers Compensation,03/31/2026,0.00,
6150,Sales Commissions,03/31/2026,"48,494.90",
6160,Temporary Labor,03/31/2026,"18,787.38",
6170,Training,03/31/2026,0.00,
6180,Employee Relations,03/31/2026,0.00,
6190,Payroll Processing Fees,03/31/2026,"1,040.24",
6200,Utilities - Electric,03/31/2026,"3,684.20",
6210,Utilities - Water & Sewer,03/31/2026,"1,447.95",
6220,Telephone & Internet,03/31/2026,"3,912.74",
6230,Utilities - Gas,03/31/2026,0.00,
6240,Waste Removal,03/31/2026,"1,877.39",
6300,Rent - Portland Warehouse,03/31/2026,"25,500.00",
6310,Rent - Seattle Warehouse,03/31/2026,"19,260.00",
6320,Rent - Boise Warehouse,03/31/2026,"14,625.00",
6330,Third-Party Storage,03/31/2026,"9,000.44",
6400,Freight-In,03/31/2026,"197,008.58",
6410,Freight Rebates,03/31/2026,0.00,
6420,Delivery Fuel,03/31/2026,"36,528.46",
6430,Vehicle Repairs & Maintenance,03/31/2026,"4,452.93",
6440,Tolls & Parking,03/31/2026,0.00,
6450,Vehicle Registration,03/31/2026,0.00,
6460,Vehicle Leases,03/31/2026,0.00,
6500,Insurance - General,03/31/2026,"9,825.00",
6510,Insurance - Vehicles,03/31/2026,"8,499.45",
6520,Insurance - Product Liability,03/31/2026,0.00,
6600,Repairs - Refrigeration & Equipment,03/31/2026,"6,768.91",
6610,Forklift Lease,03/31/2026,"6,744.37",
6620,Building Repairs,03/31/2026,"6,290.04",
6630,Small Tools & Equipment,03/31/2026,869.81,
6700,Depreciation Expense,03/31/2026,"35,550.00",
6710,Amortization Expense,03/31/2026,"1,500.00",
6800,Bad Debt Expense,03/31/2026,"1,700.00",
6810,Collection Fees,03/31/2026,0.00,
6900,Office Supplies,03/31/2026,"2,418.18",
6910,Postage & Delivery,03/31/2026,0.00,
6920,Bank Service Charges,03/31/2026,0.00,
6925,Merchant Fees,03/31/2026,0.00,
6930,Dues & Subscriptions,03/31/2026,"1,181.47",
6935,Software Subscriptions,03/31/2026,"1,790.15",
6940,Accounting Fees,03/31/2026,"25,362.76",
6945,Consulting Fees,03/31/2026,0.00,
6950,Legal Fees,03/31/2026,"3,784.14",
6960,IT Services,03/31/2026,"6,810.32",
6970,Janitorial,03/31/2026,"6,841.77",
6980,Pest Control,03/31/2026,938.79,
6990,Uniforms & Laundry,03/31/2026,"3,320.22",
6995,Miscellaneous Expense (old),03/31/2026,0.00,
6999,Suspense – Clearing,03/31/2026,"2,315.77",
7100,Foreign Exchange Gain/Loss,03/31/2026,0.00,
7200,Interest Expense,03/31/2026,"20,822.32",
7300,Interest Income,03/31/2026,0.00,
7400,Gain/Loss on Asset Disposal,03/31/2026,0.00,
7900,Other Expense,03/31/2026,0.00,
8000,Owner Draw (old),03/31/2026,0.00,
1000,Petty Cash,04/30/2026,400.00,
1010,Operating Account - First Cascade 4471,04/30/2026,"344,932.28",
1015,Payroll Account - First Cascade 4488,04/30/2026,"5,000.00",
1020,Money Market - First Cascade 4490,04/30/2026,"250,000.00",
1030,Savings - Umpqua (closed),04/30/2026,0.00,
1100,Undeposited Funds,04/30/2026,0.00,
1110,Returned Checks,04/30/2026,0.00,
1200,Accounts Receivable,04/30/2026,"1,872,780.21",
1205,Allowance for Doubtful Accounts,04/30/2026,,"36,700.00"
1215,Employee Advances,04/30/2026,0.00,
1250,Other Receivables,04/30/2026,"3,150.00",
1260,Notes Receivable,04/30/2026,0.00,
1300,Inventory - Finished Goods,04/30/2026,"2,014,356.83",
1310,Inventory in Transit,04/30/2026,0.00,
1320,Inventory - Samples,04/30/2026,0.00,
1400,Prepaid Insurance,04/30/2026,"26,200.00",
1410,Prepaid Expenses - Other,04/30/2026,"18,400.00",
1420,Security Deposits,04/30/2026,"42,500.00",
1500,Warehouse Equipment,04/30/2026,"1,182,400.00",
1510,Vehicles,04/30/2026,"486,300.00",
1520,Leasehold Improvements,04/30/2026,"211,750.00",
1530,Office Furniture & Equipment,04/30/2026,"38,620.00",
1540,Computer Equipment,04/30/2026,"52,980.00",
1590,Accumulated Depreciation,04/30/2026,,"460,040.00"
1600,Utility Deposits,04/30/2026,"6,200.00",
1700,Customer Lists,04/30/2026,"60,000.00",
1790,Accumulated Amortization,04/30/2026,,"38,000.00"
2000,Accounts Payable,04/30/2026,,"1,110,590.38"
2050,Cascade Visa Business,04/30/2026,0.00,
2060,Amex Corporate (closed),04/30/2026,0.00,
2100,Accrued Liabilities,04/30/2026,,"16,808.77"
2150,Payroll Liabilities,04/30/2026,0.00,
2160,Accrued Commissions,04/30/2026,,"19,164.48"
2170,Accrued Vacation,04/30/2026,,"48,620.00"
2200,Sales Tax Payable,04/30/2026,0.00,
2210,Use Tax Payable,04/30/2026,0.00,
2220,Oregon CAT Payable,04/30/2026,,"7,840.00"
2300,Customer Deposits,04/30/2026,0.00,
2400,Deferred Revenue,04/30/2026,0.00,
2500,Line of Credit - First Cascade,04/30/2026,,"1,120,000.00"
2700,Equipment Loan - First Cascade,04/30/2026,,"249,000.00"
2710,Vehicle Loans,04/30/2026,,"94,200.00"
2800,Due to Shareholder,04/30/2026,0.00,
3000,Common Stock,04/30/2026,,"50,000.00"
3100,Additional Paid-In Capital,04/30/2026,,"150,000.00"
3900,Retained Earnings,04/30/2026,,"3,293,027.23"
3950,Shareholder Distributions,04/30/2026,0.00,
4000,Sales - Wholesale Grocery,04/30/2026,,"6,425,399.68"
4010,Sales - Foodservice,04/30/2026,,"638,804.30"
4100,Sales - Export,04/30/2026,,"102,532.84"
4200,Freight Income,04/30/2026,0.00,
4300,Rebate Income,04/30/2026,0.00,
4400,Miscellaneous Income,04/30/2026,0.00,
4900,Sales Discounts,04/30/2026,0.00,
4950,Returns & Allowances,04/30/2026,0.00,
5000,Cost of Goods Sold,04/30/2026,"5,215,222.51",
5010,Inventory Adjustments,04/30/2026,0.00,
5020,Purchase Price Variance,04/30/2026,0.00,
5030,Samples & Demos,04/30/2026,0.00,
5100,Inbound Freight - COGS,04/30/2026,0.00,
5150,Packaging Materials,04/30/2026,"151,356.63",
5200,Spoilage & Shrink,04/30/2026,0.00,
5300,Co-Packing Fees,04/30/2026,0.00,
6000,Advertising & Marketing,04/30/2026,567.58,
6010,Trade Shows,04/30/2026,"2,584.62",
6020,Website,04/30/2026,0.00,
6030,Meals & Entertainment,04/30/2026,0.00,
6040,Travel,04/30/2026,0.00,
6050,Donations,04/30/2026,0.00,
6060,Licenses & Permits,04/30/2026,"2,241.93",
6070,Property Taxes,04/30/2026,0.00,
6080,Business Taxes,04/30/2026,0.00,
6090,Recruiting,04/30/2026,0.00,
6100,Wages - Warehouse,04/30/2026,"492,392.71",
6105,Wages - Drivers,04/30/2026,"305,843.49",
6110,Wages - Office,04/30/2026,"273,142.63",
6120,Payroll Taxes,04/30/2026,"86,964.67",
6130,Employee Benefits,04/30/2026,0.00,
6140,Workers Compensation,04/30/2026,0.00,
6150,Sales Commissions,04/30/2026,"67,659.38",
6160,Temporary Labor,04/30/2026,"29,526.29",
6170,Training,04/30/2026,0.00,
6180,Employee Relations,04/30/2026,0.00,
6190,Payroll Processing Fees,04/30/2026,"1,444.48",
6200,Utilities - Electric,04/30/2026,"5,089.53",
6210,Utilities - Water & Sewer,04/30/2026,"1,947.18",
6220,Telephone & Internet,04/30/2026,"5,167.36",
6230,Utilities - Gas,04/30/2026,0.00,
6240,Waste Removal,04/30/2026,"2,489.65",
6300,Rent - Portland Warehouse,04/30/2026,"34,000.00",
6310,Rent - Seattle Warehouse,04/30/2026,"25,680.00",
6320,Rent - Boise Warehouse,04/30/2026,"19,500.00",
6330,Third-Party Storage,04/30/2026,"11,918.28",
6400,Freight-In,04/30/2026,"259,139.34",
6410,Freight Rebates,04/30/2026,,450.00
6420,Delivery Fuel,04/30/2026,"51,085.77",
6430,Vehicle Repairs & Maintenance,04/30/2026,"7,380.71",
6440,Tolls & Parking,04/30/2026,0.00,
6450,Vehicle Registration,04/30/2026,0.00,
6460,Vehicle Leases,04/30/2026,0.00,
6500,Insurance - General,04/30/2026,"13,100.00",
6510,Insurance - Vehicles,04/30/2026,"8,499.45",
6520,Insurance - Product Liability,04/30/2026,0.00,
6600,Repairs - Refrigeration & Equipment,04/30/2026,"10,748.80",
6610,Forklift Lease,04/30/2026,"9,007.59",
6620,Building Repairs,04/30/2026,"6,290.04",
6630,Small Tools & Equipment,04/30/2026,869.81,
6700,Depreciation Expense,04/30/2026,"47,400.00",
6710,Amortization Expense,04/30/2026,"2,000.00",
6800,Bad Debt Expense,04/30/2026,"1,700.00",
6810,Collection Fees,04/30/2026,0.00,
6900,Office Supplies,04/30/2026,"3,609.51",
6910,Postage & Delivery,04/30/2026,0.00,
6920,Bank Service Charges,04/30/2026,0.00,
6925,Merchant Fees,04/30/2026,0.00,
6930,Dues & Subscriptions,04/30/2026,"1,181.47",
6935,Software Subscriptions,04/30/2026,"2,258.26",
6940,Accounting Fees,04/30/2026,"25,362.76",
6945,Consulting Fees,04/30/2026,0.00,
6950,Legal Fees,04/30/2026,"5,319.16",
6960,IT Services,04/30/2026,"9,322.80",
6970,Janitorial,04/30/2026,"10,064.12",
6980,Pest Control,04/30/2026,"1,335.13",
6990,Uniforms & Laundry,04/30/2026,"4,338.66",
6995,Miscellaneous Expense (old),04/30/2026,0.00,
6999,Suspense – Clearing,04/30/2026,"2,315.77",
7100,Foreign Exchange Gain/Loss,04/30/2026,,201.95
7200,Interest Expense,04/30/2026,"28,342.24",
7300,Interest Income,04/30/2026,0.00,
7400,Gain/Loss on Asset Disposal,04/30/2026,0.00,
7900,Other Expense,04/30/2026,0.00,
8000,Owner Draw (old),04/30/2026,0.00,
1000,Petty Cash,05/31/2026,400.00,
1010,Operating Account - First Cascade 4471,05/31/2026,"282,746.18",
1015,Payroll Account - First Cascade 4488,05/31/2026,"5,000.00",
1020,Money Market - First Cascade 4490,05/31/2026,"250,000.00",
1030,Savings - Umpqua (closed),05/31/2026,0.00,
1100,Undeposited Funds,05/31/2026,0.00,
1110,Returned Checks,05/31/2026,0.00,
1200,Accounts Receivable,05/31/2026,"2,039,323.00",
1205,Allowance for Doubtful Accounts,05/31/2026,,"36,700.00"
1215,Employee Advances,05/31/2026,0.00,
1250,Other Receivables,05/31/2026,"3,150.00",
1260,Notes Receivable,05/31/2026,0.00,
1300,Inventory - Finished Goods,05/31/2026,"2,001,913.40",
1310,Inventory in Transit,05/31/2026,0.00,
1320,Inventory - Samples,05/31/2026,0.00,
1400,Prepaid Insurance,05/31/2026,"22,925.00",
1410,Prepaid Expenses - Other,05/31/2026,"18,400.00",
1420,Security Deposits,05/31/2026,"42,500.00",
1500,Warehouse Equipment,05/31/2026,"1,182,400.00",
1510,Vehicles,05/31/2026,"486,300.00",
1520,Leasehold Improvements,05/31/2026,"211,750.00",
1530,Office Furniture & Equipment,05/31/2026,"38,620.00",
1540,Computer Equipment,05/31/2026,"52,980.00",
1590,Accumulated Depreciation,05/31/2026,,"471,890.00"
1600,Utility Deposits,05/31/2026,"6,200.00",
1700,Customer Lists,05/31/2026,"60,000.00",
1790,Accumulated Amortization,05/31/2026,,"38,500.00"
2000,Accounts Payable,05/31/2026,,"1,162,127.02"
2050,Cascade Visa Business,05/31/2026,0.00,
2060,Amex Corporate (closed),05/31/2026,0.00,
2100,Accrued Liabilities,05/31/2026,,"15,495.34"
2150,Payroll Liabilities,05/31/2026,0.00,
2160,Accrued Commissions,05/31/2026,,"18,240.00"
2170,Accrued Vacation,05/31/2026,,"48,620.00"
2200,Sales Tax Payable,05/31/2026,0.00,
2210,Use Tax Payable,05/31/2026,0.00,
2220,Oregon CAT Payable,05/31/2026,,"7,840.00"
2300,Customer Deposits,05/31/2026,0.00,
2400,Deferred Revenue,05/31/2026,0.00,
2500,Line of Credit - First Cascade,05/31/2026,,"1,175,000.00"
2700,Equipment Loan - First Cascade,05/31/2026,,"244,150.00"
2710,Vehicle Loans,05/31/2026,,"94,200.00"
2800,Due to Shareholder,05/31/2026,0.00,
3000,Common Stock,05/31/2026,,"50,000.00"
3100,Additional Paid-In Capital,05/31/2026,,"150,000.00"
3900,Retained Earnings,05/31/2026,,"3,293,027.23"
3950,Shareholder Distributions,05/31/2026,0.00,
4000,Sales - Wholesale Grocery,05/31/2026,,"8,096,053.22"
4010,Sales - Foodservice,05/31/2026,,"769,578.74"
4100,Sales - Export,05/31/2026,,"137,486.72"
4200,Freight Income,05/31/2026,0.00,
4300,Rebate Income,05/31/2026,0.00,
4400,Miscellaneous Income,05/31/2026,0.00,
4900,Sales Discounts,05/31/2026,0.00,
4950,Returns & Allowances,05/31/2026,0.00,
5000,Cost of Goods Sold,05/31/2026,"6,546,585.60",
5010,Inventory Adjustments,05/31/2026,0.00,
5020,Purchase Price Variance,05/31/2026,0.00,
5030,Samples & Demos,05/31/2026,0.00,
5100,Inbound Freight - COGS,05/31/2026,0.00,
5150,Packaging Materials,05/31/2026,"187,596.66",
5200,Spoilage & Shrink,05/31/2026,0.00,
5300,Co-Packing Fees,05/31/2026,0.00,
6000,Advertising & Marketing,05/31/2026,"1,864.15",
6010,Trade Shows,05/31/2026,"2,584.62",
6020,Website,05/31/2026,0.00,
6030,Meals & Entertainment,05/31/2026,0.00,
6040,Travel,05/31/2026,0.00,
6050,Donations,05/31/2026,0.00,
6060,Licenses & Permits,05/31/2026,"2,241.93",
6070,Property Taxes,05/31/2026,0.00,
6080,Business Taxes,05/31/2026,0.00,
6090,Recruiting,05/31/2026,0.00,
6100,Wages - Warehouse,05/31/2026,"614,728.54",
6105,Wages - Drivers,05/31/2026,"381,529.53",
6110,Wages - Office,05/31/2026,"342,268.47",
6120,Payroll Taxes,05/31/2026,"108,867.54",
6130,Employee Benefits,05/31/2026,0.00,
6140,Workers Compensation,05/31/2026,0.00,
6150,Sales Commissions,05/31/2026,"85,899.38",
6160,Temporary Labor,05/31/2026,"34,156.54",
6170,Training,05/31/2026,0.00,
6180,Employee Relations,05/31/2026,0.00,
6190,Payroll Processing Fees,05/31/2026,"1,858.12",
6200,Utilities - Electric,05/31/2026,"6,457.65",
6210,Utilities - Water & Sewer,05/31/2026,"2,453.20",
6220,Telephone & Internet,05/31/2026,"6,499.97",
6230,Utilities - Gas,05/31/2026,0.00,
6240,Waste Removal,05/31/2026,"3,164.18",
6300,Rent - Portland Warehouse,05/31/2026,"42,500.00",
6310,Rent - Seattle Warehouse,05/31/2026,"32,100.00",
6320,Rent - Boise Warehouse,05/31/2026,"24,375.00",
6330,Third-Party Storage,05/31/2026,"15,807.65",
6400,Freight-In,05/31/2026,"327,571.76",
6410,Freight Rebates,05/31/2026,0.00,
6420,Delivery Fuel,05/31/2026,"64,977.71",
6430,Vehicle Repairs & Maintenance,05/31/2026,"7,733.98",
6440,Tolls & Parking,05/31/2026,0.00,
6450,Vehicle Registration,05/31/2026,0.00,
6460,Vehicle Leases,05/31/2026,0.00,
6500,Insurance - General,05/31/2026,"16,375.00",
6510,Insurance - Vehicles,05/31/2026,"16,543.88",
6520,Insurance - Product Liability,05/31/2026,0.00,
6600,Repairs - Refrigeration & Equipment,05/31/2026,"20,023.66",
6610,Forklift Lease,05/31/2026,"11,321.19",
6620,Building Repairs,05/31/2026,"11,165.34",
6630,Small Tools & Equipment,05/31/2026,869.81,
6700,Depreciation Expense,05/31/2026,"59,250.00",
6710,Amortization Expense,05/31/2026,"2,500.00",
6800,Bad Debt Expense,05/31/2026,"1,700.00",
6810,Collection Fees,05/31/2026,0.00,
6900,Office Supplies,05/31/2026,"4,642.34",
6910,Postage & Delivery,05/31/2026,0.00,
6920,Bank Service Charges,05/31/2026,0.00,
6925,Merchant Fees,05/31/2026,0.00,
6930,Dues & Subscriptions,05/31/2026,"1,181.47",
6935,Software Subscriptions,05/31/2026,"2,876.71",
6940,Accounting Fees,05/31/2026,"34,409.83",
6945,Consulting Fees,05/31/2026,0.00,
6950,Legal Fees,05/31/2026,"8,620.87",
6960,IT Services,05/31/2026,"11,669.10",
6970,Janitorial,05/31/2026,"12,663.50",
6980,Pest Control,05/31/2026,"1,688.57",
6990,Uniforms & Laundry,05/31/2026,"5,369.41",
6995,Miscellaneous Expense (old),05/31/2026,0.00,
6999,Suspense – Clearing,05/31/2026,"2,315.77",
7100,Foreign Exchange Gain/Loss,05/31/2026,,859.68
7200,Interest Expense,05/31/2026,"36,151.74",
7300,Interest Income,05/31/2026,0.00,
7400,Gain/Loss on Asset Disposal,05/31/2026,0.00,
7900,Other Expense,05/31/2026,0.00,
8000,Owner Draw (old),05/31/2026,0.00,
1000,Petty Cash,06/30/2026,400.00,
1010,Operating Account - First Cascade 4471,06/30/2026,"412,906.18",
1015,Payroll Account - First Cascade 4488,06/30/2026,"5,000.00",
1020,Money Market - First Cascade 4490,06/30/2026,"250,000.00",
1030,Savings - Umpqua (closed),06/30/2026,0.00,
1100,Undeposited Funds,06/30/2026,0.00,
1110,Returned Checks,06/30/2026,0.00,
1200,Accounts Receivable,06/30/2026,"2,135,769.00",
1205,Allowance for Doubtful Accounts,06/30/2026,,"38,400.00"
1215,Employee Advances,06/30/2026,0.00,
1250,Other Receivables,06/30/2026,"3,150.00",
1260,Notes Receivable,06/30/2026,0.00,
1300,Inventory - Finished Goods,06/30/2026,"1,915,427.96",
1310,Inventory in Transit,06/30/2026,0.00,
1320,Inventory - Samples,06/30/2026,0.00,
1400,Prepaid Insurance,06/30/2026,"19,650.00",
1410,Prepaid Expenses - Other,06/30/2026,"18,400.00",
1420,Security Deposits,06/30/2026,"42,500.00",
1500,Warehouse Equipment,06/30/2026,"1,182,400.00",
1510,Vehicles,06/30/2026,"486,300.00",
1520,Leasehold Improvements,06/30/2026,"211,750.00",
1530,Office Furniture & Equipment,06/30/2026,"38,620.00",
1540,Computer Equipment,06/30/2026,"52,980.00",
1590,Accumulated Depreciation,06/30/2026,,"483,740.00"
1600,Utility Deposits,06/30/2026,"6,200.00",
1700,Customer Lists,06/30/2026,"60,000.00",
1790,Accumulated Amortization,06/30/2026,,"39,000.00"
2000,Accounts Payable,06/30/2026,,"1,188,436.65"
2050,Cascade Visa Business,06/30/2026,0.00,
2060,Amex Corporate (closed),06/30/2026,0.00,
2100,Accrued Liabilities,06/30/2026,,"14,705.41"
2150,Payroll Liabilities,06/30/2026,0.00,
2160,Accrued Commissions,06/30/2026,,"17,103.33"
2170,Accrued Vacation,06/30/2026,,"48,620.00"
2200,Sales Tax Payable,06/30/2026,0.00,
2210,Use Tax Payable,06/30/2026,0.00,
2220,Oregon CAT Payable,06/30/2026,,"7,840.00"
2300,Customer Deposits,06/30/2026,0.00,
2400,Deferred Revenue,06/30/2026,0.00,
2500,Line of Credit - First Cascade,06/30/2026,,"1,230,000.00"
2700,Equipment Loan - First Cascade,06/30/2026,,"239,300.00"
2710,Vehicle Loans,06/30/2026,,"94,200.00"
2800,Due to Shareholder,06/30/2026,0.00,
3000,Common Stock,06/30/2026,,"50,000.00"
3100,Additional Paid-In Capital,06/30/2026,,"150,000.00"
3900,Retained Earnings,06/30/2026,,"3,293,027.23"
3950,Shareholder Distributions,06/30/2026,0.00,
4000,Sales - Wholesale Grocery,06/30/2026,,"9,878,923.41"
4010,Sales - Foodservice,06/30/2026,,"891,778.49"
4100,Sales - Export,06/30/2026,,"170,497.53"
4200,Freight Income,06/30/2026,0.00,
4300,Rebate Income,06/30/2026,0.00,
4400,Miscellaneous Income,06/30/2026,0.00,
4900,Sales Discounts,06/30/2026,0.00,
4950,Returns & Allowances,06/30/2026,0.00,
5000,Cost of Goods Sold,06/30/2026,"7,952,071.91",
5010,Inventory Adjustments,06/30/2026,0.00,
5020,Purchase Price Variance,06/30/2026,0.00,
5030,Samples & Demos,06/30/2026,0.00,
5100,Inbound Freight - COGS,06/30/2026,0.00,
5150,Packaging Materials,06/30/2026,"212,470.92",
5200,Spoilage & Shrink,06/30/2026,0.00,
5300,Co-Packing Fees,06/30/2026,0.00,
6000,Advertising & Marketing,06/30/2026,"1,864.15",
6010,Trade Shows,06/30/2026,"2,584.62",
6020,Website,06/30/2026,0.00,
6030,Meals & Entertainment,06/30/2026,0.00,
6040,Travel,06/30/2026,0.00,
6050,Donations,06/30/2026,0.00,
6060,Licenses & Permits,06/30/2026,"2,241.93",
6070,Property Taxes,06/30/2026,0.00,
6080,Business Taxes,06/30/2026,0.00,
6090,Recruiting,06/30/2026,0.00,
6100,Wages - Warehouse,06/30/2026,"737,041.89",
6105,Wages - Drivers,06/30/2026,"456,456.52",
6110,Wages - Office,06/30/2026,"412,496.46",
6120,Payroll Taxes,06/30/2026,"130,724.22",
6130,Employee Benefits,06/30/2026,0.00,
6140,Workers Compensation,06/30/2026,0.00,
6150,Sales Commissions,06/30/2026,"103,002.71",
6160,Temporary Labor,06/30/2026,"41,144.01",
6170,Training,06/30/2026,0.00,
6180,Employee Relations,06/30/2026,0.00,
6190,Payroll Processing Fees,06/30/2026,"2,227.32",
6200,Utilities - Electric,06/30/2026,"7,613.10",
6210,Utilities - Water & Sewer,06/30/2026,"3,020.83",
6220,Telephone & Internet,06/30/2026,"7,792.90",
6230,Utilities - Gas,06/30/2026,0.00,
6240,Waste Removal,06/30/2026,"3,766.39",
6300,Rent - Portland Warehouse,06/30/2026,"51,000.00",
6310,Rent - Seattle Warehouse,06/30/2026,"38,520.00",
6320,Rent - Boise Warehouse,06/30/2026,"29,250.00",
6330,Third-Party Storage,06/30/2026,"18,159.86",
6400,Freight-In,06/30/2026,"391,060.50",
6410,Freight Rebates,06/30/2026,0.00,
6420,Delivery Fuel,06/30/2026,"76,814.00",
6430,Vehicle Repairs & Maintenance,06/30/2026,"10,168.99",
6440,Tolls & Parking,06/30/2026,0.00,
6450,Vehicle Registration,06/30/2026,0.00,
6460,Vehicle Leases,06/30/2026,0.00,
6500,Insurance - General,06/30/2026,"19,650.00",
6510,Insurance - Vehicles,06/30/2026,"16,543.88",
6520,Insurance - Product Liability,06/30/2026,0.00,
6600,Repairs - Refrigeration & Equipment,06/30/2026,"27,652.89",
6610,Forklift Lease,06/30/2026,"13,499.69",
6620,Building Repairs,06/30/2026,"11,165.34",
6630,Small Tools & Equipment,06/30/2026,"1,365.67",
6700,Depreciation Expense,06/30/2026,"71,100.00",
6710,Amortization Expense,06/30/2026,"3,000.00",
6800,Bad Debt Expense,06/30/2026,"3,400.00",
6810,Collection Fees,06/30/2026,0.00,
6900,Office Supplies,06/30/2026,"5,088.00",
6910,Postage & Delivery,06/30/2026,0.00,
6920,Bank Service Charges,06/30/2026,0.00,
6925,Merchant Fees,06/30/2026,0.00,
6930,Dues & Subscriptions,06/30/2026,"1,181.47",
6935,Software Subscriptions,06/30/2026,"3,366.37",
6940,Accounting Fees,06/30/2026,"34,409.83",
6945,Consulting Fees,06/30/2026,0.00,
6950,Legal Fees,06/30/2026,"8,620.87",
6960,IT Services,06/30/2026,"14,020.03",
6970,Janitorial,06/30/2026,"14,723.58",
6980,Pest Control,06/30/2026,"2,074.22",
6990,Uniforms & Laundry,06/30/2026,"6,401.43",
6995,Miscellaneous Expense (old),06/30/2026,0.00,
6999,Suspense – Clearing,06/30/2026,"2,315.77",
7100,Foreign Exchange Gain/Loss,06/30/2026,,"1,204.17"
7200,Interest Expense,06/30/2026,"44,250.81",
7300,Interest Income,06/30/2026,0.00,
7400,Gain/Loss on Asset Disposal,06/30/2026,0.00,
7900,Other Expense,06/30/2026,0.00,
8000,Owner Draw (old),06/30/2026,0.00,
